LONG,LAT,PROB,SEIZURE,YEAR,ORIGIN
11.36975942,2.133354783,0.244177975,A,2017,Nigeria
13.66256522,4.999362029,0.619595166,A,2017,Nigeria
13.66256522,4.999362029,0.289896977,A,2017,Nigeria
14.23576667,3.279757681,0.10577528,A,2017,Nigeria
14.23576667,3.279757681,0.94523224,A,2017,Nigeria
14.23576667,3.279757681,0.486154229,A,2017,Nigeria
11.94296087,2.133354783,0.295672122,A,2017,Nigeria
9.076953623,5.572563478,0.19322375,A,2017,Nigeria
14.23576667,3.279757681,0.938498161,A,2017,Nigeria
10.22335652,2.133354783,0.622484798,A,2017,Nigeria
9.076953623,5.572563478,0.960422252,A,2017,Nigeria
14.23576667,3.279757681,0.959785142,A,2017,Nigeria
13.66256522,4.999362029,0.579741749,A,2017,Nigeria
11.36975942,2.133354783,0.14258755,A,2017,Nigeria
14.23576667,3.279757681,0.202021604,A,2017,Nigeria
13.66256522,4.999362029,0.200699963,A,2017,Nigeria
13.66256522,4.999362029,0.072620729,A,2017,Nigeria
14.23576667,3.279757681,0.455472626,A,2017,Nigeria
14.23576667,3.279757681,0.793847492,A,2017,Nigeria
10.79655797,2.133354783,0.22051335,A,2017,Nigeria
14.23576667,3.279757681,0.865867619,A,2017,Nigeria
10.22335652,2.133354783,0.505699813,A,2017,Nigeria
11.94296087,2.133354783,0.312675972,A,2017,Nigeria
10.22335652,2.133354783,0.530931745,A,2017,Nigeria
14.23576667,3.279757681,0.662227312,A,2017,Nigeria
11.94296087,2.133354783,0.5459283,A,2017,Nigeria
14.23576667,3.279757681,0.605643756,A,2017,Nigeria
14.23576667,3.279757681,0.811507705,A,2017,Nigeria
14.23576667,3.279757681,0.841167673,A,2017,Nigeria
14.23576667,3.85295913,0.118967098,A,2017,Nigeria
13.66256522,4.999362029,0.260614929,A,2017,Nigeria
14.23576667,3.279757681,0.196988751,A,2017,Nigeria
10.22335652,2.706556232,0.493877605,A,2017,Nigeria
10.22335652,2.133354783,0.775691555,A,2017,Nigeria
13.66256522,3.279757681,0.089759135,A,2017,Nigeria
11.94296087,2.133354783,0.251655309,A,2017,Nigeria
11.36975942,2.133354783,0.23650958,A,2017,Nigeria
14.23576667,3.279757681,0.657015857,A,2017,Nigeria
14.23576667,3.279757681,0.848885104,A,2017,Nigeria
9.650155072,4.999362029,0.087999739,A,2017,Nigeria
14.23576667,3.279757681,0.539548161,A,2017,Nigeria
13.66256522,4.999362029,0.559639139,A,2017,Nigeria
14.23576667,3.279757681,0.687866891,A,2017,Nigeria
11.94296087,2.133354783,0.520413699,A,2017,Nigeria
14.23576667,3.279757681,0.762243783,A,2017,Nigeria
14.23576667,3.279757681,0.948759631,A,2017,Nigeria
14.23576667,3.279757681,0.365214822,A,2017,Nigeria
11.94296087,2.133354783,0.421313833,A,2017,Nigeria
10.22335652,2.133354783,0.156548181,A,2017,Nigeria
10.22335652,2.133354783,0.307469778,A,2017,Nigeria
14.23576667,3.279757681,0.846521381,A,2017,Nigeria
11.36975942,2.133354783,0.173746452,A,2017,Nigeria
11.36975942,2.133354783,0.290448787,A,2017,Nigeria
14.23576667,3.279757681,0.619684343,A,2017,Nigeria
10.22335652,2.133354783,0.529850751,A,2017,Nigeria
11.94296087,2.133354783,0.412582653,A,2017,Nigeria
10.22335652,2.133354783,0.256206769,A,2017,Nigeria
14.23576667,3.279757681,0.800584398,A,2017,Nigeria
14.23576667,3.279757681,0.400911421,A,2017,Nigeria
11.94296087,2.133354783,0.379749257,A,2017,Nigeria
14.23576667,3.279757681,0.524286028,A,2017,Nigeria
11.94296087,2.133354783,0.343340191,A,2017,Nigeria
9.076953623,5.572563478,0.822852357,A,2017,Nigeria
13.66256522,4.999362029,0.484752633,A,2017,Nigeria
13.66256522,2.706556232,0.20652612,A,2017,Nigeria
14.23576667,3.279757681,0.744600474,A,2017,Nigeria
10.22335652,2.133354783,0.494858255,A,2017,Nigeria
10.22335652,2.706556232,0.252720938,A,2017,Nigeria
10.22335652,2.133354783,0.378178338,A,2017,Nigeria
14.23576667,3.279757681,0.682212306,A,2017,Nigeria
9.076953623,5.572563478,0.956277122,A,2017,Nigeria
10.22335652,2.133354783,0.457618341,A,2017,Nigeria
10.22335652,2.133354783,0.705175678,A,2017,Nigeria
11.36975942,2.133354783,0.28838446,A,2017,Nigeria
10.22335652,2.133354783,0.186510055,A,2017,Nigeria
14.23576667,3.279757681,0.874290345,A,2017,Nigeria
10.22335652,2.706556232,0.152907619,A,2017,Nigeria
10.22335652,2.133354783,0.250967344,A,2017,Nigeria
10.22335652,2.133354783,0.226855938,A,2017,Nigeria
14.23576667,3.279757681,0.987362588,A,2017,Nigeria
10.22335652,2.706556232,0.150283417,A,2017,Nigeria
10.22335652,2.133354783,0.165364411,A,2017,Nigeria
10.22335652,2.133354783,0.659850741,A,2017,Nigeria
9.076953623,5.572563478,0.285367123,A,2017,Nigeria
10.22335652,2.133354783,0.420437812,A,2017,Nigeria
10.22335652,2.133354783,0.362377968,A,2017,Nigeria
9.076953623,5.572563478,0.475360804,A,2017,Nigeria
10.22335652,2.133354783,0.216113781,A,2017,Nigeria
26.2729971,-8.757472754,0.002779016,A,2017,Nigeria
14.23576667,2.706556232,0.181362743,A,2017,Nigeria
13.66256522,2.706556232,0.450381505,A,2017,Nigeria
13.66256522,4.999362029,0.875171731,A,2017,Nigeria
10.22335652,2.133354783,0.365269244,A,2017,Nigeria
13.66256522,4.999362029,0.510836441,A,2017,Nigeria
14.23576667,3.279757681,0.97746013,A,2017,Nigeria
10.22335652,2.706556232,0.631114766,A,2017,Nigeria
11.94296087,2.133354783,0.443860221,A,2017,Nigeria
14.23576667,3.279757681,0.463037439,A,2017,Nigeria
10.22335652,2.706556232,0.260322003,A,2017,Nigeria
10.79655797,2.133354783,0.106061514,A,2017,Nigeria
10.79655797,2.133354783,0.14763055,A,2017,Nigeria
14.23576667,3.279757681,0.88132097,A,2017,Nigeria
15.38216957,2.133354783,0.154533192,A,2017,Nigeria
14.23576667,3.279757681,0.953690648,A,2017,Nigeria
9.076953623,5.572563478,0.889927985,A,2017,Nigeria
13.66256522,4.999362029,0.324276938,A,2017,Nigeria
9.076953623,-1.305853913,0.002815191,A,2017,Nigeria
13.66256522,2.706556232,0.160225575,A,2017,Nigeria
14.23576667,3.279757681,0.910504543,A,2017,Nigeria
10.22335652,2.133354783,0.530234718,A,2017,Nigeria
14.23576667,3.279757681,0.706909783,A,2017,Nigeria
11.94296087,2.133354783,0.270187729,A,2017,Nigeria
14.23576667,3.279757681,0.919092739,A,2017,Nigeria
14.23576667,3.279757681,0.507906179,A,2017,Nigeria
11.94296087,2.133354783,0.428506738,A,2017,Nigeria
9.076953623,5.572563478,0.769435056,A,2017,Nigeria
10.22335652,2.133354783,0.289418305,A,2017,Nigeria
11.94296087,2.133354783,0.772520212,A,2017,Nigeria
10.22335652,2.133354783,0.156367331,A,2017,Nigeria
13.66256522,4.999362029,0.886366942,A,2017,Nigeria
9.650155072,1.560153333,0.041210334,A,2017,Nigeria
10.22335652,2.133354783,0.425058493,A,2017,Nigeria
13.66256522,4.999362029,0.602721494,A,2017,Nigeria
14.23576667,3.279757681,0.845324091,A,2017,Nigeria
10.22335652,1.560153333,0.153210776,A,2017,Nigeria
10.22335652,2.706556232,0.461412314,A,2017,Nigeria
9.076953623,5.572563478,0.955559139,A,2017,Nigeria
10.22335652,2.706556232,0.117058753,A,2017,Nigeria
11.36975942,2.133354783,0.145338869,A,2017,Nigeria
10.22335652,2.133354783,0.44223849,A,2017,Nigeria
10.22335652,2.133354783,0.314658385,A,2017,Nigeria
14.23576667,3.279757681,0.970065636,A,2017,Nigeria
11.94296087,2.133354783,0.31732329,A,2017,Nigeria
14.23576667,3.279757681,0.837055642,A,2017,Nigeria
9.076953623,5.572563478,0.735583488,A,2017,Nigeria
10.22335652,2.133354783,0.686260793,A,2017,Nigeria
11.94296087,2.133354783,0.28380415,A,2017,Nigeria
14.23576667,3.279757681,0.481567217,A,2017,Nigeria
10.22335652,2.133354783,0.461974681,A,2017,Nigeria
14.23576667,3.279757681,0.1801733,A,2017,Nigeria
10.22335652,2.133354783,0.324076471,A,2017,Nigeria
9.650155072,4.999362029,0.063214769,A,2017,Nigeria
14.23576667,3.279757681,0.147054381,A,2017,Nigeria
10.22335652,2.706556232,0.093613583,A,2017,Nigeria
13.66256522,4.999362029,0.439132246,A,2017,Nigeria
13.66256522,4.999362029,0.43421243,A,2017,Nigeria
14.80896812,1.560153333,0.788084304,A,2017,Nigeria
10.22335652,2.133354783,0.76536166,A,2017,Nigeria
14.23576667,3.279757681,0.801397864,A,2017,Nigeria
9.076953623,5.572563478,0.921326933,A,2017,Nigeria
10.22335652,2.133354783,0.511263456,A,2017,Nigeria
10.22335652,2.706556232,0.221080857,A,2017,Nigeria
10.22335652,2.133354783,0.661247571,A,2017,Nigeria
11.36975942,2.133354783,0.300089349,A,2017,Nigeria
11.94296087,2.133354783,0.390323057,A,2017,Nigeria
12.51616232,2.706556232,0.048776861,A,2017,Nigeria
9.076953623,5.572563478,0.972863164,A,2017,Nigeria
10.22335652,2.706556232,0.541024685,A,2017,Nigeria
14.23576667,3.279757681,0.2428909,A,2017,Nigeria
14.23576667,3.279757681,0.808055434,A,2017,Nigeria
13.08936377,4.999362029,0.038038148,A,2017,Nigeria
11.94296087,2.133354783,0.478980266,A,2017,Nigeria
10.22335652,2.133354783,0.232071906,A,2017,Nigeria
10.22335652,2.133354783,0.816412313,A,2017,Nigeria
11.94296087,2.133354783,0.269475475,A,2017,Nigeria
14.23576667,3.279757681,0.101600591,A,2017,Nigeria
10.22335652,2.133354783,0.479612098,A,2017,Nigeria
10.22335652,2.133354783,0.959684462,A,2017,Nigeria
14.80896812,1.560153333,0.86407249,A,2017,Nigeria
9.076953623,-1.305853913,0.004582962,A,2017,Nigeria
9.650155072,4.999362029,0.061139231,A,2017,Nigeria
9.076953623,5.572563478,0.222839873,A,2017,Nigeria
11.94296087,2.133354783,0.849036981,A,2017,Nigeria
10.22335652,2.133354783,0.753637387,A,2017,Nigeria
11.94296087,2.133354783,0.911975564,A,2017,Nigeria
9.076953623,-0.732652464,0.007551282,A,2017,Nigeria
6.210946,7.865369,0.06064913,A,2017,Nigeria
14.23576667,3.279757681,0.503635426,A,2017,Nigeria
10.22335652,2.133354783,0.463284563,A,2017,Nigeria
13.66256522,2.706556232,0.146965441,A,2017,Nigeria
13.66256522,4.999362029,0.267550851,A,2017,Nigeria
11.36975942,2.133354783,0.121641488,A,2017,Nigeria
10.22335652,2.706556232,0.24572688,A,2017,Nigeria
14.23576667,3.279757681,0.117583013,A,2017,Nigeria
9.076953623,5.572563478,0.924355561,A,2017,Nigeria
13.66256522,2.706556232,0.211947146,A,2017,Nigeria
14.23576667,3.279757681,0.40856542,A,2017,Nigeria
14.23576667,3.279757681,0.343047808,A,2017,Nigeria
12.51616232,2.706556232,0.130038987,A,2017,Nigeria
10.22335652,2.133354783,0.229168762,A,2017,Nigeria
10.22335652,2.133354783,0.23804727,A,2017,Nigeria
14.80896812,1.560153333,0.423564896,A,2017,Nigeria
10.22335652,2.133354783,0.673298141,A,2017,Nigeria
9.650155072,4.999362029,0.044703972,A,2017,Nigeria
10.22335652,2.133354783,0.185359298,A,2017,Nigeria
10.22335652,2.133354783,0.357691693,A,2017,Nigeria
10.22335652,3.85295913,0.022143738,A,2017,Nigeria
11.36975942,2.133354783,0.269570417,A,2017,Nigeria
10.22335652,2.133354783,0.212496519,A,2017,Nigeria
13.66256522,2.706556232,0.044661439,A,2017,Nigeria
10.79655797,2.133354783,0.13317595,A,2017,Nigeria
13.66256522,3.279757681,0.130885734,A,2017,Nigeria
5.637745,7.865369,0.05861734,A,2017,Nigeria
10.22335652,2.133354783,0.204651611,A,2017,Nigeria
11.36975942,2.133354783,0.288851311,A,2017,Nigeria
9.076953623,5.572563478,0.298062461,A,2017,Nigeria
14.23576667,3.279757681,0.796549,A,2017,Nigeria
9.076953623,5.572563478,0.750666506,A,2017,Nigeria
9.076953623,5.572563478,0.644280121,A,2017,Nigeria
10.22335652,2.133354783,0.146974602,A,2017,Nigeria
9.650155072,5.572563478,0.215319541,A,2017,Nigeria
9.076953623,5.572563478,0.747077971,A,2017,Nigeria
9.076953623,5.572563478,0.484702212,A,2017,Nigeria
11.36975942,2.133354783,0.114039626,A,2017,Nigeria
9.076953623,5.572563478,0.882204884,A,2017,Nigeria
3.344939,7.292168,0.4375666,A,2017,Nigeria
14.23576667,3.279757681,0.224535643,A,2017,Nigeria
10.22335652,2.133354783,0.415856023,A,2017,Nigeria
9.650155072,4.42616058,0.039103597,A,2017,Nigeria
11.36975942,2.133354783,0.158021824,A,2017,Nigeria
13.66256522,4.999362029,0.267621204,A,2017,Nigeria
10.22335652,2.133354783,0.64396058,A,2017,Nigeria
13.66256522,3.279757681,0.107108867,A,2017,Nigeria
13.66256522,4.999362029,0.295055883,A,2017,Nigeria
11.36975942,2.133354783,0.136256637,A,2017,Nigeria
11.36975942,2.133354783,0.15965341,A,2017,Nigeria
13.66256522,4.999362029,0.338540412,A,2017,Nigeria
11.36975942,2.133354783,0.214068315,A,2017,Nigeria
13.66256522,4.999362029,0.158928202,A,2017,Nigeria
13.66256522,2.706556232,0.354754404,A,2017,Nigeria
10.22335652,1.560153333,0.050626147,A,2017,Nigeria
13.66256522,4.999362029,0.251116624,A,2017,Nigeria
13.66256522,4.999362029,0.13186793,A,2017,Nigeria
13.66256522,4.999362029,0.303537395,A,2017,Nigeria
9.076953623,5.572563478,0.926844065,A,2017,Nigeria
11.36975942,2.133354783,0.20983203,A,2017,Nigeria
14.23576667,3.279757681,0.933611735,A,2017,Nigeria
10.22335652,2.133354783,0.599724787,A,2017,Nigeria
14.23576667,2.706556232,0.268930123,A,2017,Nigeria
14.23576667,3.279757681,0.675988592,A,2017,Nigeria
13.66256522,4.999362029,0.096776032,A,2017,Nigeria
10.22335652,2.133354783,0.365500425,A,2017,Nigeria
13.66256522,3.279757681,0.148939255,A,2017,Nigeria
11.36975942,2.133354783,0.297809035,A,2017,Nigeria
14.80896812,3.279757681,0.088958017,A,2017,Nigeria
13.66256522,2.706556232,0.147678703,A,2017,Nigeria
10.22335652,2.133354783,0.323982841,A,2017,Nigeria
11.36975942,2.133354783,0.270469254,A,2017,Nigeria
11.94296087,2.133354783,0.379691856,A,2017,Nigeria
14.23576667,3.279757681,0.439874587,A,2017,Nigeria
13.66256522,2.706556232,0.354641668,A,2017,Nigeria
14.23576667,3.279757681,0.690628163,A,2017,Nigeria
9.076953623,5.572563478,0.715288366,A,2017,Nigeria
10.22335652,2.706556232,0.309933732,A,2017,Nigeria
11.94296087,2.133354783,0.530819049,A,2017,Nigeria
10.22335652,2.706556232,0.483646572,A,2017,Nigeria
10.22335652,2.706556232,0.418174334,A,2017,Nigeria
10.22335652,2.133354783,0.542073455,A,2017,Nigeria
14.23576667,3.279757681,0.666794313,A,2017,Nigeria
9.076953623,5.572563478,0.931335736,A,2017,Nigeria
14.23576667,3.279757681,0.89406747,A,2017,Nigeria
10.22335652,2.133354783,0.316659859,B,2018,Nigeria
10.22335652,2.133354783,0.560790276,B,2018,Nigeria
9.650155072,5.572563478,0.142638243,B,2018,Nigeria
10.22335652,2.133354783,0.221495446,B,2018,Nigeria
13.66256522,4.999362029,0.283898684,B,2018,Nigeria
14.23576667,3.279757681,0.694126939,B,2018,Nigeria
10.79655797,2.133354783,0.197111836,B,2018,Nigeria
9.076953623,5.572563478,0.913862596,B,2018,Nigeria
13.66256522,3.85295913,0.037464841,B,2018,Nigeria
11.36975942,2.133354783,0.155585817,B,2018,Nigeria
10.22335652,2.133354783,0.437880174,B,2018,Nigeria
10.22335652,2.133354783,0.169117769,B,2018,Nigeria
9.076953623,5.572563478,0.993370984,B,2018,Nigeria
10.22335652,2.133354783,0.237722313,B,2018,Nigeria
9.076953623,5.572563478,0.713990567,B,2018,Nigeria
13.66256522,4.999362029,0.109859471,B,2018,Nigeria
14.23576667,3.279757681,0.729626813,B,2018,Nigeria
14.23576667,3.279757681,0.349205263,B,2018,Nigeria
14.23576667,3.279757681,0.307160739,B,2018,Nigeria
14.23576667,3.279757681,0.713271025,B,2018,Nigeria
13.66256522,2.706556232,0.073783529,B,2018,Nigeria
10.22335652,2.706556232,0.369579983,B,2018,Nigeria
10.22335652,2.133354783,0.57897457,B,2018,Nigeria
9.650155072,4.999362029,0.066268709,B,2018,Nigeria
10.22335652,2.706556232,0.311452738,B,2018,Nigeria
11.36975942,2.133354783,0.327806897,B,2018,Nigeria
10.22335652,2.133354783,0.424393598,B,2018,Nigeria
11.36975942,2.133354783,0.334515184,B,2018,Nigeria
11.94296087,2.133354783,0.205219049,B,2018,Nigeria
9.076953623,5.572563478,0.59705696,B,2018,Nigeria
11.36975942,2.133354783,0.277327367,B,2018,Nigeria
11.94296087,2.133354783,0.550190614,B,2018,Nigeria
13.66256522,4.999362029,0.088084018,B,2018,Nigeria
11.36975942,2.133354783,0.347641097,B,2018,Nigeria
14.23576667,3.279757681,0.9146703,B,2018,Nigeria
10.22335652,2.133354783,0.117985223,B,2018,Nigeria
9.076953623,5.572563478,0.983452658,B,2018,Nigeria
10.22335652,2.133354783,0.368503111,B,2018,Nigeria
14.23576667,3.279757681,0.710255681,B,2018,Nigeria
11.36975942,2.133354783,0.073932882,B,2018,Nigeria
10.22335652,2.133354783,0.294395599,B,2018,Nigeria
10.22335652,2.133354783,0.85366541,B,2018,Nigeria
13.66256522,4.999362029,0.270660969,B,2018,Nigeria
10.22335652,2.133354783,0.728780704,B,2018,Nigeria
11.94296087,2.133354783,0.400121305,B,2018,Nigeria
14.23576667,3.279757681,0.957075425,B,2018,Nigeria
9.076953623,5.572563478,0.848369359,B,2018,Nigeria
11.94296087,2.133354783,0.383788623,B,2018,Nigeria
14.23576667,3.279757681,0.891736546,B,2018,Nigeria
11.36975942,2.133354783,0.38885721,B,2018,Nigeria
13.66256522,4.999362029,0.373684052,B,2018,Nigeria
11.94296087,2.133354783,0.532857207,B,2018,Nigeria
13.66256522,4.999362029,0.286784159,B,2018,Nigeria
9.076953623,5.572563478,0.972445152,B,2018,Nigeria
14.23576667,3.279757681,0.489404202,B,2018,Nigeria
14.23576667,3.279757681,0.289667003,B,2018,Nigeria
10.22335652,2.133354783,0.577880083,B,2018,Nigeria
10.22335652,2.133354783,0.564544987,B,2018,Nigeria
9.650155072,4.999362029,0.034750638,B,2018,Nigeria
10.22335652,2.706556232,0.376247115,B,2018,Nigeria
10.22335652,2.133354783,0.613760611,B,2018,Nigeria
9.076953623,5.572563478,0.99803993,B,2018,Nigeria
10.22335652,2.133354783,0.437897165,B,2018,Nigeria
11.94296087,2.133354783,0.248049152,B,2018,Nigeria
10.22335652,2.133354783,0.347053976,B,2018,Nigeria
11.94296087,2.133354783,0.865333671,B,2018,Nigeria
14.23576667,3.279757681,0.430560778,B,2018,Nigeria
9.076953623,5.572563478,0.961993798,B,2018,Nigeria
13.66256522,4.999362029,0.19501913,B,2018,Nigeria
10.22335652,2.133354783,0.300799012,B,2018,Nigeria
9.076953623,5.572563478,0.99869938,B,2018,Nigeria
10.22335652,2.706556232,0.348026034,B,2018,Nigeria
10.22335652,3.85295913,0.027916133,B,2018,Nigeria
13.66256522,4.999362029,0.309647119,B,2018,Nigeria
11.94296087,2.133354783,0.51171799,B,2018,Nigeria
13.66256522,2.706556232,0.120749783,B,2018,Nigeria
10.22335652,2.133354783,0.713156916,B,2018,Nigeria
11.36975942,2.133354783,0.339263304,B,2018,Nigeria
10.22335652,2.706556232,0.496729297,B,2018,Nigeria
10.22335652,2.133354783,0.314585993,B,2018,Nigeria
13.66256522,4.999362029,0.61016592,B,2018,Nigeria
11.36975942,2.133354783,0.190150826,B,2018,Nigeria
13.66256522,2.706556232,0.541967898,B,2018,Nigeria
13.66256522,2.706556232,0.143056442,B,2018,Nigeria
10.22335652,2.706556232,0.148646565,B,2018,Nigeria
10.22335652,2.706556232,0.352894696,B,2018,Nigeria
10.22335652,2.706556232,0.28777814,B,2018,Nigeria
11.36975942,2.133354783,0.283136364,B,2018,Nigeria
10.22335652,2.706556232,0.286313546,B,2018,Nigeria
11.36975942,2.133354783,0.304673288,B,2018,Nigeria
14.23576667,3.279757681,0.454450976,B,2018,Nigeria
11.36975942,2.133354783,0.1677125,B,2018,Nigeria
14.23576667,3.279757681,0.61101553,B,2018,Nigeria
13.66256522,4.999362029,0.156132039,B,2018,Nigeria
9.076953623,5.572563478,0.452084885,B,2018,Nigeria
10.22335652,1.560153333,0.104021868,B,2018,Nigeria
14.23576667,3.279757681,0.227037795,B,2018,Nigeria
11.36975942,2.133354783,0.229222901,B,2018,Nigeria
9.650155072,5.572563478,0.217716688,B,2018,Nigeria
14.23576667,3.279757681,0.214340648,B,2018,Nigeria
13.66256522,2.706556232,0.218615593,B,2018,Nigeria
13.66256522,4.999362029,0.086065189,B,2018,Nigeria
10.79655797,2.133354783,0.160466138,B,2018,Nigeria
13.66256522,4.999362029,0.105805434,B,2018,Nigeria
9.650155072,5.572563478,0.169328268,B,2018,Nigeria
9.076953623,5.572563478,0.632332978,B,2018,Nigeria
13.66256522,4.42616058,0.044555989,B,2018,Nigeria
9.076953623,5.572563478,0.741273468,B,2018,Nigeria
9.076953623,5.572563478,0.603874703,B,2018,Nigeria
10.22335652,3.279757681,0.042259495,B,2018,Nigeria
9.076953623,5.572563478,0.266935102,B,2018,Nigeria
13.66256522,4.999362029,0.12825661,B,2018,Nigeria
10.22335652,2.133354783,0.506029885,B,2018,Nigeria
11.36975942,2.133354783,0.255630319,B,2018,Nigeria
14.23576667,3.279757681,0.460903587,B,2018,Nigeria
10.22335652,2.133354783,0.4058294,B,2018,Nigeria
10.22335652,2.133354783,0.516160141,B,2018,Nigeria
10.22335652,2.706556232,0.392215768,B,2018,Nigeria
14.23576667,3.279757681,0.34355967,B,2018,Nigeria
13.66256522,4.999362029,0.243289327,B,2018,Nigeria
13.66256522,3.279757681,0.082720372,B,2018,Nigeria
14.23576667,3.85295913,0.092102653,B,2018,Nigeria
10.22335652,2.133354783,0.481525517,B,2018,Nigeria
10.22335652,2.133354783,0.30188446,B,2018,Nigeria
9.076953623,5.572563478,0.386534728,B,2018,Nigeria
10.22335652,2.133354783,0.91126845,B,2018,Nigeria
14.23576667,3.279757681,0.702453882,B,2018,Nigeria
13.66256522,2.706556232,0.158425861,B,2018,Nigeria
13.66256522,3.279757681,0.131409343,B,2018,Nigeria
10.22335652,2.706556232,0.688453285,B,2018,Nigeria
10.22335652,2.133354783,0.225569144,B,2018,Nigeria
10.79655797,2.706556232,0.038030874,B,2018,Nigeria
10.22335652,2.133354783,0.29892655,B,2018,Nigeria
13.66256522,4.999362029,0.153583468,B,2018,Nigeria
10.22335652,3.85295913,0.035858607,B,2018,Nigeria
14.23576667,3.279757681,0.150982381,B,2018,Nigeria
10.22335652,2.133354783,0.263096143,B,2018,Nigeria
10.79655797,2.133354783,0.147310595,B,2018,Nigeria
13.66256522,4.999362029,0.12104309,B,2018,Nigeria
10.22335652,1.560153333,0.082854877,B,2018,Nigeria
12.51616232,2.706556232,0.082463228,B,2018,Nigeria
10.22335652,2.706556232,0.191489843,B,2018,Nigeria
10.22335652,2.706556232,0.297464629,B,2018,Nigeria
11.36975942,2.133354783,0.341501726,B,2018,Nigeria
10.79655797,2.133354783,0.122959956,B,2018,Nigeria
10.22335652,2.133354783,0.345147726,B,2018,Nigeria
10.22335652,3.85295913,0.035470982,B,2018,Nigeria
11.36975942,2.133354783,0.14009694,B,2018,Nigeria
9.650155072,1.560153333,0.041594614,B,2018,Nigeria
10.22335652,3.85295913,0.039000984,B,2018,Nigeria
9.650155072,4.999362029,0.063531568,B,2018,Nigeria
10.79655797,2.133354783,0.10623481,B,2018,Nigeria
10.22335652,2.133354783,0.069848607,B,2018,Nigeria
10.22335652,2.133354783,0.609068569,B,2018,Nigeria
10.22335652,2.706556232,0.168226131,B,2018,Nigeria
14.23576667,3.279757681,0.182530988,B,2018,Nigeria
14.23576667,3.279757681,0.08682555,B,2018,Nigeria
9.076953623,5.572563478,0.380091192,B,2018,Nigeria
10.22335652,2.133354783,0.484656812,B,2018,Nigeria
10.22335652,2.706556232,0.605904701,B,2018,Nigeria
11.36975942,2.133354783,0.277867515,B,2018,Nigeria
10.22335652,2.133354783,0.465374175,B,2018,Nigeria
14.80896812,1.560153333,0.515168821,B,2018,Nigeria
10.22335652,2.133354783,0.204256686,B,2018,Nigeria
10.79655797,0.413750435,0.007120315,B,2018,Nigeria
10.22335652,3.279757681,0.048823718,B,2018,Nigeria
10.22335652,2.133354783,0.696899686,B,2018,Nigeria
9.650155072,1.560153333,0.059442792,B,2018,Nigeria
10.22335652,2.706556232,0.290622441,B,2018,Nigeria
14.23576667,3.279757681,0.330408217,B,2018,Nigeria
11.36975942,2.133354783,0.212846158,B,2018,Nigeria
10.22335652,2.133354783,0.550316292,B,2018,Nigeria
11.94296087,2.133354783,0.525068178,B,2018,Nigeria
10.22335652,2.706556232,0.256921105,B,2018,Nigeria
10.22335652,2.133354783,0.565028604,B,2018,Nigeria
10.22335652,2.133354783,0.964893543,B,2018,Nigeria
9.650155072,1.560153333,0.038709773,B,2018,Nigeria
9.076953623,5.572563478,0.864029738,B,2018,Nigeria
10.22335652,2.133354783,0.854844715,B,2018,Nigeria
9.650155072,5.572563478,0.508244057,B,2018,Nigeria
10.22335652,2.133354783,0.912763328,B,2018,Nigeria
10.22335652,2.133354783,0.420298443,B,2018,Nigeria
11.94296087,2.133354783,0.653534627,B,2018,Nigeria
13.66256522,2.706556232,0.506750783,B,2018,Nigeria
10.22335652,2.706556232,0.333393318,B,2018,Nigeria
10.22335652,2.133354783,0.789461193,B,2018,Nigeria
10.22335652,2.133354783,0.501090836,B,2018,Nigeria
10.22335652,2.133354783,0.837740957,B,2018,Nigeria
10.22335652,2.133354783,0.91786349,B,2018,Nigeria
10.22335652,2.133354783,0.932525765,B,2018,Nigeria
10.22335652,2.133354783,0.078132833,B,2018,Nigeria
10.22335652,2.133354783,0.476198401,B,2018,Nigeria
11.36975942,2.133354783,0.146894145,B,2018,Nigeria
10.22335652,2.133354783,0.933549568,B,2018,Nigeria
10.22335652,2.133354783,0.863116323,B,2018,Nigeria
13.66256522,2.706556232,0.264782894,B,2018,Nigeria
10.22335652,2.133354783,0.632960318,B,2018,Nigeria
9.076953623,5.572563478,0.429575731,B,2018,Nigeria
9.076953623,5.572563478,0.988293121,B,2018,Nigeria
10.22335652,2.133354783,0.440423479,B,2018,Nigeria
11.94296087,2.133354783,0.438164839,B,2018,Nigeria
11.36975942,2.133354783,0.17571752,B,2018,Nigeria
13.66256522,4.999362029,0.207280927,B,2018,Nigeria
10.22335652,2.133354783,0.269278998,B,2018,Nigeria
11.94296087,2.133354783,0.898629903,B,2018,Nigeria
10.79655797,2.706556232,0.061253435,B,2018,Nigeria
13.66256522,4.999362029,0.431424408,B,2018,Nigeria
9.076953623,5.572563478,0.91963297,B,2018,Nigeria
9.650155072,1.560153333,0.036349337,B,2018,Nigeria
10.22335652,1.560153333,0.112467168,B,2018,Nigeria
10.22335652,3.279757681,0.044448639,B,2018,Nigeria
9.076953623,5.572563478,0.285024181,B,2018,Nigeria
9.076953623,5.572563478,0.965931998,B,2018,Nigeria
10.22335652,2.133354783,0.946227146,B,2018,Nigeria
10.22335652,2.133354783,0.626514557,B,2018,Nigeria
13.66256522,4.999362029,0.28053005,B,2018,Nigeria
9.076953623,5.572563478,0.592684083,B,2018,Nigeria
11.94296087,2.133354783,0.306239332,B,2018,Nigeria
11.94296087,2.133354783,0.4701239,B,2018,Nigeria
10.22335652,2.133354783,0.265586282,B,2018,Nigeria
9.076953623,5.572563478,0.813505409,B,2018,Nigeria
10.22335652,3.279757681,0.069866814,B,2018,Nigeria
10.22335652,2.133354783,0.904063168,B,2018,Nigeria
11.94296087,2.133354783,0.83360263,B,2018,Nigeria
9.076953623,5.572563478,0.867365013,B,2018,Nigeria
9.650155072,4.999362029,0.062030449,B,2018,Nigeria
10.22335652,2.133354783,0.869731861,B,2018,Nigeria
9.076953623,5.572563478,0.957809635,B,2018,Nigeria
10.22335652,2.706556232,0.341937176,B,2018,Nigeria
13.66256522,4.999362029,0.265333475,B,2018,Nigeria
10.22335652,2.133354783,0.451476886,B,2018,Nigeria
11.94296087,2.133354783,0.708307618,B,2018,Nigeria
9.076953623,5.572563478,0.353166601,B,2018,Nigeria
10.22335652,2.133354783,0.977362218,B,2018,Nigeria
10.22335652,2.133354783,0.651347931,B,2018,Nigeria
10.22335652,2.133354783,0.983959789,B,2018,Nigeria
-1.813874,7.865369,0.3284805,C,2012,Kenya
-2.387075,7.865369,0.3490616,C,2012,Kenya
-1.813874,7.865369,0.2458011,C,2012,Kenya
-2.387075,7.292168,0.2852489,C,2012,Kenya
-1.813874,7.865369,0.4663408,C,2012,Kenya
-2.387075,7.292168,0.2958377,D,2012,IvoryCoast
-10.9851,8.438571,0.6081192,D,2012,IvoryCoast
-10.9851,8.438571,0.2949426,D,2012,IvoryCoast
-7.545888406,4.42616058,9.55E-05,D,2012,IvoryCoast
-2.387075,7.292168,0.30665,D,2012,IvoryCoast
11.9429609,2.13335478,0.89834031,E,2013,Cameroon
10.79655797,2.706556232,0.108261253,E,2013,Cameroon
7.930550725,5.572563478,0.057247502,E,2013,Cameroon
10.79655797,2.706556232,0.167047461,E,2013,Cameroon
9.650155072,4.999362029,0.07509558,E,2013,Cameroon
9.076953623,5.572563478,0.99993499,F,2013,Nigeria
11.94296087,2.133354783,0.653491449,F,2013,Nigeria
9.076953623,5.572563478,0.988115165,F,2013,Nigeria
10.22335652,2.706556232,0.250086045,F,2013,Nigeria
7.930550725,4.999362029,0.055949122,F,2013,Nigeria
10.22335652,3.279757681,0.112696262,G,2013,Nigeria
9.076953623,5.572563478,0.986438191,G,2013,Nigeria
11.94296087,2.133354783,0.853614208,G,2013,Nigeria
7.930551,7.292168,0.04842166,G,2013,Nigeria
7.357349275,6.718966377,0.03766345,G,2013,Nigeria
14.23576667,3.279757681,0.942247843,H,2013,Nigeria
3.34493913,6.718966377,0.688889499,H,2013,Nigeria
3.34493913,6.718966377,0.644691815,H,2013,Nigeria
3.34493913,6.718966377,0.706856682,H,2013,Nigeria
3.91814058,6.718966377,0.638528381,H,2013,Nigeria
14.23576667,3.279757681,0.43652667,I,2013,Nigeria
10.22335652,2.133354783,0.461305091,I,2013,Nigeria
5.637744928,5.572563478,0.03539521,I,2013,Nigeria
11.94296087,2.133354783,0.511183471,I,2013,Nigeria
14.23576667,3.279757681,0.557070777,I,2013,Nigeria
3.91814058,6.718966377,0.545200235,J,2013,Nigeria
3.34493913,6.718966377,0.690447296,J,2013,Nigeria
3.34493913,6.718966377,0.757123389,J,2013,Nigeria
9.076953623,5.572563478,0.999754005,J,2013,Nigeria
3.91814058,6.718966377,0.62859276,J,2013,Nigeria
3.91814058,6.718966377,0.816581154,K,2013,Nigeria
3.34493913,6.718966377,0.684816073,K,2013,Nigeria
3.91814058,6.718966377,0.535730489,K,2013,Nigeria
3.91814058,6.718966377,0.581076029,K,2013,Nigeria
3.91814058,6.718966377,0.723689576,K,2013,Nigeria
9.076953623,5.572563478,0.999820526,L,2013,Nigeria
9.076953623,5.572563478,0.999883583,L,2013,Nigeria
10.79655797,2.706556232,0.133582015,L,2013,Nigeria
9.076953623,5.572563478,0.999998129,L,2013,Nigeria
14.23576667,3.279757681,0.939804354,M,2013,Nigeria
14.23576667,3.279757681,0.666991482,M,2013,Nigeria
14.23576667,3.279757681,0.973972647,M,2013,Nigeria
11.94296087,2.133354783,0.336536162,M,2013,Nigeria
8.503752174,3.279757681,0.022525353,M,2013,Nigeria
13.66256522,4.999362029,0.417937449,N,2013,Nigeria
14.80896812,1.560153333,0.990035745,N,2013,Nigeria
14.23576667,3.279757681,0.75443421,N,2013,Nigeria
14.23576667,3.279757681,0.679359375,N,2013,Nigeria
14.80896812,1.560153333,0.978483641,N,2013,Nigeria
9.076953623,5.572563478,0.709928375,O,2013,Nigeria
11.36975942,2.133354783,0.270463227,O,2013,Nigeria
9.650155072,4.42616058,0.045831178,O,2013,Nigeria
10.22335652,3.85295913,0.054200017,O,2013,Nigeria
14.23576667,3.279757681,0.932042101,O,2013,Nigeria
9.076953623,5.572563478,0.982985995,P,2013,Nigeria
11.94296087,2.133354783,0.314090379,P,2013,Nigeria
13.66256522,4.999362029,0.099736656,P,2013,Nigeria
11.36975942,2.133354783,0.294848911,P,2013,Nigeria
11.94296087,2.133354783,0.895659342,P,2013,Nigeria
14.23576667,3.279757681,0.433096194,Q,2013,Nigeria
9.076953623,5.572563478,0.946369754,Q,2013,Nigeria
14.80896812,1.560153333,0.962155196,Q,2013,Nigeria
14.80896812,1.560153333,0.953083568,Q,2013,Nigeria
14.80896812,1.560153333,0.992078777,Q,2013,Nigeria
11.36975942,2.133354783,0.207804592,R,2013,Nigeria
3.34493913,6.718966377,0.71061445,R,2013,Nigeria
3.91814058,6.718966377,0.81559753,R,2013,Nigeria
3.91814058,6.718966377,0.729255297,R,2013,Nigeria
3.91814058,6.718966377,0.745069732,R,2013,Nigeria
10.2233565,2.13335478,0.31007951,S,2013,Nigeria
9.076953623,5.572563478,0.256665145,S,2013,Nigeria
14.23576667,3.279757681,0.497985457,S,2013,Nigeria
11.94296087,2.133354783,0.962868891,S,2013,Nigeria
10.22335652,2.133354783,0.304624778,S,2013,Nigeria
14.80896812,1.560153333,0.991153024,T,2014,Nigeria
11.36975942,2.133354783,0.123557253,T,2014,Nigeria
9.650155072,0.986951884,0.044980148,T,2014,Nigeria
10.22335652,2.133354783,0.554484198,T,2014,Nigeria
11.36975942,2.133354783,0.216614435,T,2014,Nigeria
10.79655797,2.133354783,0.080718056,U,2014,Nigeria
13.66256522,3.85295913,0.099299461,U,2014,Nigeria
14.23576667,3.279757681,0.284584879,U,2014,Nigeria
13.66256522,2.706556232,0.083235046,U,2014,Nigeria
10.22335652,2.133354783,0.336280315,U,2014,Nigeria
9.650155072,5.572563478,0.137459204,V,2014,UKN
11.36975942,2.133354783,0.310687464,V,2014,UKN
14.23576667,3.279757681,0.681365129,V,2014,UKN
10.22335652,2.133354783,0.283439674,V,2014,UKN
10.22335652,2.133354783,0.576719075,W,2014,Nigeria
11.36975942,2.133354783,0.145753385,W,2014,Nigeria
11.36975942,2.133354783,0.161121215,W,2014,Nigeria
14.23576667,3.279757681,0.208915914,W,2014,Nigeria
10.22335652,2.706556232,0.153098727,W,2014,Nigeria
10.22335652,2.133354783,0.271275086,X,2014,Cameroon
10.22335652,2.133354783,0.378289085,X,2014,Cameroon
10.22335652,2.706556232,0.373504919,X,2014,Cameroon
10.22335652,2.706556232,0.212601012,X,2014,Cameroon
10.22335652,2.706556232,0.532473215,X,2014,Cameroon
14.80896812,1.560153333,0.959700467,Y,2015,Cameroon
14.80896812,1.560153333,0.961362682,Y,2015,Cameroon
14.23576667,3.279757681,0.352943935,Y,2015,Cameroon
9.650155072,4.999362029,0.069424081,Y,2015,Cameroon
14.80896812,1.560153333,0.963682868,Y,2015,Cameroon
10.22335652,2.706556232,0.225404012,Z,2015,Cameroon
14.23576667,3.279757681,0.207553502,Z,2015,Cameroon
10.22335652,2.133354783,0.422520913,Z,2015,Cameroon
10.22335652,2.706556232,0.332741709,Z,2015,Cameroon
14.23576667,3.279757681,0.36768112,AA,2015,Nigeria
13.66256522,4.999362029,0.609545956,AA,2015,Nigeria
10.22335652,2.706556232,0.105857143,AA,2015,Nigeria
10.22335652,2.706556232,0.420807081,AA,2015,Nigeria
13.66256522,4.999362029,0.555898105,AA,2015,Nigeria
11.36975942,2.133354783,0.228115415,AB,2015,UKN
13.66256522,3.85295913,0.060735488,AB,2015,UKN
9.076953623,5.572563478,0.530638542,AB,2015,UKN
14.23576667,3.279757681,0.533611517,AB,2015,UKN
13.66256522,4.999362029,0.113515928,AB,2015,UKN
10.22335652,2.133354783,0.255428338,AC,2016,Cameroon
10.22335652,2.706556232,0.564624004,AC,2016,Cameroon
14.23576667,3.279757681,0.552097906,AC,2016,Cameroon
10.22335652,2.133354783,0.164163489,AC,2016,Cameroon
10.22335652,2.706556232,0.37570088,AC,2016,Cameroon
10.22335652,2.133354783,0.340737195,AD,2016,Nigeria
10.22335652,2.706556232,0.274363865,AD,2016,Nigeria
11.36975942,2.133354783,0.253022672,AD,2016,Nigeria
14.23576667,3.279757681,0.526666645,AD,2016,Nigeria
3.91814058,6.718966377,0.943277203,AE,2016,Nigeria
14.23576667,3.279757681,0.709076093,AE,2016,Nigeria
14.23576667,3.279757681,0.357750571,AE,2016,Nigeria
14.80896812,1.560153333,0.981262668,AE,2016,Nigeria
10.22335652,2.133354783,0.315397606,AE,2016,Nigeria
11.36975942,2.133354783,0.149537084,AF,2016,Egypt
10.22335652,2.133354783,0.445977945,AF,2016,Egypt
10.22335652,2.133354783,0.178854273,AF,2016,Egypt
10.22335652,2.133354783,0.406144687,AF,2016,Egypt
14.23576667,3.279757681,0.140869445,AF,2016,Egypt
14.80896812,1.560153333,0.895264945,AG,2017,Nigeria
15.95537101,3.85295913,0.072188298,AG,2017,Nigeria
14.23576667,3.279757681,0.633504592,AG,2017,Nigeria
14.80896812,1.560153333,0.821131287,AG,2017,Nigeria